ID,LAW,Name,Category,Effect,Min Level,Max Level,Range,Impact,Implementation
1,LAW #001,NESSUNA RITIRATA,Guard movement,Le guardie non possono muoversi verso il basso.,2,16,2-16,Malus,guard.allowBackward=false
2,LAW #002,GIURAMENTO ORTOGONALE,Guard movement,Le guardie possono muoversi solo in verticale o orizzontale.,2,16,2-16,Misto,guard.allowDiagonal=false
3,LAW #003,GIURAMENTO DIAGONALE,Guard movement,Le guardie possono muoversi solo in diagonale.,2,16,2-16,Misto,guard.allowOrthogonal=false
4,LAW #004,CORONA IN AVANTI,Guard movement,Sono consentite solo le tre direzioni che contengono movimento in avanti.,2,16,2-16,Malus,guard.directionMask=Forward3
5,LAW #005,RE LATERALE,Guard movement,Le guardie possono muoversi solo lateralmente o in diagonale laterale; niente avanti/dietro dritto.,3,17,3-17,Misto,guard.directionMask=Side6
6,LAW #006,PASSO LUNGO,Guard movement,Una volta per guardia nel livello è consentito un movimento ortogonale di 2 caselle libere.,2,16,2-16,Bonus,guard.longOrthogonalCharges=1
7,LAW #007,DIAGONALE LUNGA,Guard movement,Una volta per guardia nel livello è consentito un movimento diagonale di 2 caselle libere.,3,17,3-17,Bonus,guard.longDiagonalCharges=1
8,LAW #008,PRIMO PASSO DOPPIO,Guard movement,Il primo movimento di ogni guardia può essere di 2 caselle nella stessa direzione se il percorso è libero.,2,16,2-16,Bonus,guard.firstMoveRange=2
9,LAW #009,PASSO ALTERNATO,Guard movement,Ogni guardia deve alternare movimento ortogonale e diagonale.,3,17,3-17,Misto,guard.alternateAxis=true
10,LAW #010,DIREZIONE NUOVA,Guard movement,Una guardia non può ripetere la stessa direzione del suo movimento precedente.,4,18,4-18,Malus,guard.blockRepeatDirection=true
11,LAW #011,UN VENTO VIETATO,Guard movement,Una delle 8 direzioni viene estratta a caso e resta vietata per tutto il livello.,2,16,2-16,Misto,guard.randomBlockedDirection=1
12,LAW #012,BALZO REALE,Guard movement,Una volta nel livello una guardia può muoversi di 2 caselle in qualsiasi direzione se libera.,4,18,4-18,Bonus,guard.teamDashCharges=1
13,LAW #013,STIVALI PESANTI,Guard movement,"Dopo un movimento diagonale, quella guardia non può essere scelta nel turno successivo.",4,18,4-18,Malus,guard.cooldownAfterDiagonal=1
14,LAW #014,PASSO LEGGERO,Guard movement,La prima mossa ortogonale di ogni guardia non provoca risposta nemica.,3,17,3-17,Bonus,guard.firstOrthogonalFree=true
15,LAW #015,LONTANO DAL BORDO,Guard movement,Le guardie non possono terminare il movimento su una casella di bordo della strada.,4,18,4-18,Malus,guard.blockRoadEdge=true
16,LAW #016,SALTA LA FILA,Guard movement,Una volta per guardia è possibile saltare un pezzo adiacente e atterrare nella casella immediatamente oltre.,6,20,6-20,Bonus,guard.jumpAdjacentCharges=1
17,LAW #017,RACCOMANDAZIONE REALE,Turn flow,"Quando una guardia raggiunge il checkpoint reticolato, il giocatore può continuare a giocare per cinque turni consecutivi.",3,17,3-17,Bonus,checkpoint.freePlayerMovesOnCross=5
18,LAW #018,OH-OH CAVALLO,Enemy movement,I Cavalli nemici non possono terminare la loro mossa su una casella bianca.,5,19,5-19,Bonus,enemy.knight.blackSquaresOnly=true
19,LAW #019,CAMBIO DI GUARDIA,Turn flow,Non puoi scegliere la stessa guardia in due turni consecutivi.,2,16,2-16,Malus,turn.blockSameGuard=true
20,LAW #020,GIRO COMPLETO,Turn flow,Ogni guardia attiva deve muoversi una volta prima che una possa muovere di nuovo.,2,16,2-16,Misto,turn.selectionMode=RoundRobin
21,LAW #021,CHIAMATA CASUALE,Turn flow,"A ogni turno il gioco indica casualmente quale guardia deve muovere, se ha una mossa legale.",4,18,4-18,Malus,turn.selectionMode=RandomLegalGuard
22,LAW #022,DOPPIO COMANDO,Turn flow,Una volta nel livello puoi effettuare due mosse consecutive prima della risposta nemica.,3,17,3-17,Bonus,turn.doubleMoveCharges=1
23,LAW #023,QUINTO SILENZIOSO,Turn flow,Ogni quinta mossa delle guardie salta la risposta nemica.,4,18,4-18,Bonus,enemy.skipResponseEvery=5
24,LAW #024,QUINTO RUMOROSO,Turn flow,Ogni quinta mossa delle guardie concede due mosse nemiche consecutive.,8,20,8-20,Malus,enemy.doubleResponseEvery=5
25,LAW #025,APERTURA CALMA,Turn flow,Per le prime tre risposte i nemici non possono muovere né catturare.,2,16,2-16,Bonus,enemy.moveDelayTurns=3
26,LAW #026,SLANCIO DI CATTURA,Turn flow,"Dopo una cattura la stessa guardia può muovere immediatamente una seconda volta, una sola volta per turno.",5,19,5-19,Bonus,turn.extraMoveAfterCapture=true
27,LAW #027,ULTIMO VELOCE,Turn flow,"Se rimane una sola guardia attiva, ottiene due mosse prima di ogni risposta nemica.",8,20,8-20,Bonus,turn.lastGuardMoves=2
28,LAW #028,SQUADRA COMPLETA,Turn flow,"Finché tutte e 4 le guardie sono vive, i nemici si muovono solo ogni 2 mosse del giocatore.",2,16,2-16,Bonus,enemy.responseIntervalWhile4Alive=2
29,LAW #029,OROLOGIO VELOCE,Turn flow,"Ogni quattro mosse delle guardie, i nemici possono muovere per due mosse consecutive.",8,20,8-20,Malus,enemy.doubleResponseEvery=4
30,LAW #030,PAUSA REALE,Turn flow,Una volta nel livello congela per un turno tutti i nemici visibili.,10,20,10-20,Bonus,turn.freezeAllCharges=1
31,LAW #031,PRIMA GRAZIA,Guard formation & survival,Il primo colpo che eliminerebbe una guardia viene ignorato.,2,16,2-16,Bonus,team.shieldCharges=1
32,LAW #032,RESTARE UNITI,Guard formation & survival,Una guardia non può terminare oltre 3 caselle dalla guardia più vicina.,2,16,2-16,Malus,formation.maxSeparation=3
33,LAW #033,DISPERSI,Guard formation & survival,Due guardie non possono terminare su caselle adiacenti.,3,17,3-17,Misto,formation.blockAdjacency=true
34,LAW #034,COLONNE DIVERSE,Guard formation & survival,Due guardie non possono occupare la stessa colonna.,3,17,3-17,Misto,formation.uniqueColumns=true
35,LAW #035,AVANGUARDIA,Guard formation & survival,Ogni 3 turni deve muovere una delle guardie più avanzate.,4,18,4-18,Malus,formation.forceFrontEvery=3
36,LAW #036,GUARDIA CENTRALE,Guard formation & survival,Una guardia casuale è marcata: deve restare entro 1 casella dalla linea centrale della strada.,5,19,5-19,Malus,formation.markedCenterRadius=1
37,LAW #037,GUARDIA CACCIATRICE,Guard formation & survival,Una guardia casuale deve effettuare almeno una cattura prima di poter oltrepassare il checkpoint.,6,20,6-20,Misto,guard.randomCaptureRequired=1
38,LAW #038,LEGAME DI COPPIA,Guard formation & survival,Due guardie casuali devono restare entro 2 caselle l'una dall'altra.,6,20,6-20,Malus,formation.randomPairMaxDistance=2
39,LAW #039,PASSO DEL SUPERSTITE,Guard formation & survival,"Dopo la perdita di una guardia, la mossa successiva può essere di 2 caselle.",5,19,5-19,Bonus,team.dashAfterDeath=1
40,LAW #040,SCORTA REALE,Guard formation & survival,Una guardia marcata non può essere catturata mentre è adiacente a un'altra guardia attiva.,10,20,10-20,Bonus,formation.markedEscortAdjacentShield=true
41,LAW #041,CAVALLI IMMOBILI,Enemy movement,I Cavalli nemici restano immobili e non possono catturare.,2,16,2-16,Bonus,enemy.knight.canMove=false;enemy.knight.canCapture=false
42,LAW #042,CAVALLI CACCIATORI,Enemy movement,I Cavalli preferiscono la mossa legale che li avvicina alla guardia più vicina.,5,19,5-19,Malus,enemy.knight.ai=ChaseNearest
43,LAW #043,Alzati e cammina!,Guard formation & survival,Fai tornare in vita una guardia posizionandoti nella casella indicata. La guardia risorta comincerà il livello dalla partenza.,3,17,3-17,Bonus,tiles.revivePerMissingGuard=1
44,LAW #044,ALFIERI IMPREVEDIBILI,Enemy movement,Gli Alfieri scelgono casualmente una mossa legale entro la loro portata.,6,18,6-18,Misto,enemy.bishop.ai=RandomLegal
45,LAW #045,NEMICI IN AVANTI,Enemy movement,I pezzi nemici mobili possono scegliere solo mosse che li avvicinano al bordo inferiore dello schermo.,5,19,5-19,Malus,enemy.directionBias=Down
46,LAW #046,NEMICI IN RITIRATA,Enemy movement,I pezzi nemici mobili possono scegliere solo mosse che li allontanano dal bordo inferiore.,3,17,3-17,Bonus,enemy.directionBias=Up
47,LAW #047,SETTORE ASSEGNATO,Enemy movement,I nemici devono restare nella metà sinistra o destra della griglia in cui iniziano il livello.,5,19,5-19,Bonus,enemy.lockInitialBoardHalf=true
48,LAW #048,COLONNE VINCOLATE,Enemy movement,"Le Torri nemiche si muovono e catturano soltanto in diagonale, come gli Alfieri.",10,18,10-18,Bonus,enemy.rook.allowedAxis=Diagonal
49,LAW #049,UN SOLO TIPO MOBILE,Enemy movement,Un solo tipo nemico estratto fra quelli presenti può muovere o catturare; tutti gli altri restano immobili.,5,19,5-19,Misto,enemy.randomMobileType=1
50,LAW #050,CAMBIO DELLA GUARDIA,Enemy movement,L'avversario non può scegliere lo stesso pezzo in due risposte consecutive se un altro può muovere.,12,20,12-20,Bonus,enemy.blockRepeatActorWhenAlternative=true
51,LAW #051,CAVALLI ORIZZONTALI,Enemy range & attacks,I Cavalli nemici possono saltare soltanto di due colonne e una riga.,2,16,2-16,Bonus,enemy.knight.allowedJump=Wide
52,LAW #052,TORRI AFFAMATE,Enemy range & attacks,"Se una Torre può catturare, l'avversario deve scegliere una cattura di Torre.",10,20,10-20,Malus,enemy.priorityCaptureType=Rook
53,LAW #053,CATTURA LONTANA,Enemy range & attacks,I nemici a lunga gittata non possono catturare a distanza di una casella.,6,17,6-17,Bonus,enemy.rangedCaptureMinDistance=2
54,LAW #054,CATTURA VICINA,Enemy range & attacks,I nemici a lunga gittata possono catturare soltanto a distanza di una casella.,9,20,9-20,Bonus,enemy.rangedCaptureMaxDistance=1
55,LAW #055,DOVE SONO I MIEI BINOCOLI?,Visibility & information,"I nemici lontani appaiono come simboli ""?"" o ""!"" finché non sono entro 6 righe.",2,16,2-16,Malus,enemy.revealThreatClassDistance=6
56,LAW #056,PAUSA FRA CATTURE,Enemy range & attacks,"Dopo un attacco, quel nemico non può attaccare nella risposta successiva.",4,18,4-18,Bonus,enemy.attackCooldown=1
57,LAW #057,LUNGA VISTA,Enemy range & attacks,Tutti i pezzi a gittata riducono la portata di 5.,10,20,10-20,Malus,enemy.rangedRangeReduction=5
58,LAW #058,METAMORFOSI,Enemy transformation,"Ogni 15 movimenti delle guardie, un pezzo nemico Pedone a caso si trasforma in Cavallo.",2,16,2-16,Malus,enemy.pawnMetamorphosisInterval=15
59,LAW #059,RODEO,Enemy composition & spawn,Tutti i nemici generati sono Cavalli.,4,18,4-18,Misto,spawn.allowedTypes=Knight
60,LAW #060,MENO NEMICI,Enemy composition & spawn,Riduce del 25% il numero di nemici del livello.,2,16,2-16,Bonus,spawn.countMultiplier=0.75
61,LAW #061,PIÙ NEMICI,Enemy composition & spawn,Aumenta del 25% il numero di nemici del livello.,5,19,5-19,Malus,spawn.countMultiplier=1.25
62,LAW #062,PARTENZA VUOTA,Enemy composition & spawn,Nessun nemico può essere generato nelle prime 4 righe percorribili.,2,16,2-16,Bonus,spawn.safeStartRows=4
63,LAW #063,USCITA SORVEGLIATA,Enemy composition & spawn,Almeno un nemico viene generato nelle 3 righe precedenti il checkpoint.,6,20,6-20,Malus,spawn.forceNearCheckpoint=1
64,LAW #064,NEMICI AI BORDI,Enemy composition & spawn,I nemici vengono generati preferibilmente sulle caselle di bordo della strada.,3,17,3-17,Misto,spawn.bias=RoadEdge
65,LAW #065,PEZZI SOLITARI,Enemy composition & spawn,Nessun nemico può essere generato adiacente a un altro nemico.,2,16,2-16,Bonus,spawn.minEnemyDistance=2
66,LAW #066,GRUPPI NEMICI,Enemy composition & spawn,I nemici preferiscono comparire entro 2 caselle da un altro nemico.,8,20,8-20,Malus,spawn.clusterRadius=2
67,LAW #067,ESERCITO CRESCENTE,Enemy composition & spawn,"Quando una guardia raggiunge per la prima volta metà altezza del percorso, compare un Pedone nemico su una casella libera valida.",7,20,7-20,Malus,spawn.addPawnAtProgress=0.5
68,LAW #068,PEDONI IN CODA,Enemy composition & spawn,I nemici collocati nella metà superiore della strada sono tutti Pedoni.,3,17,3-17,Bonus,spawn.upperHalfAllowedTypes=Pawn
69,LAW #069,STRADA LARGA,Road generation,La strada è larga 2 colonne in più del normale.,2,16,2-16,Bonus,road.widthDelta=+2
70,LAW #070,STRADA STRETTA,Road generation,"La strada è larga 2 colonne in meno del normale, con minimo sicuro.",3,17,3-17,Malus,road.widthDelta=-2
71,LAW #071,STRADA DRITTA,Road generation,Riduce quasi a zero la probabilità di curve.,2,16,2-16,Bonus,road.turnChance*=0.2
72,LAW #072,STRADA TORTUOSA,Road generation,Aumenta del 50% la probabilità di cambio direzione.,3,17,3-17,Misto,road.turnChance*=1.5
73,LAW #073,SERPENTINA,Road generation,La strada tende ad alternare curve a sinistra e destra.,6,20,6-20,Malus,road.pattern=AlternatingCurves
74,LAW #074,DUE STRETTOIE,Road generation,Genera 2 restringimenti di una riga ciascuno.,5,19,5-19,Malus,road.bottleneckCount=2
75,LAW #075,PIAZZE APERTE,Road generation,Genera 2 allargamenti temporanei della strada.,3,17,3-17,Bonus,road.plazaCount=2
76,LAW #076,SCALINATA,Road generation,"Durante la generazione, la strada si sposta lateralmente di una colonna a intervalli regolari.",4,18,4-18,Misto,road.pattern=Staircase
77,LAW #077,CURVA A S,Road generation,Forza una grande curva a S nel livello.,5,19,5-19,Misto,road.pattern=SCurve
78,LAW #078,Cavallo in doppio petto,Road generation,La prima guardia che muoverai verrà trasformata in un cavallo per tutto il livello.,6,20,6-20,Malus,guard.firstMovedKnight=1
79,LAW #079,USCITA IN DIAGONALE,Tiles & checkpoint,Le guardie possono entrare nel checkpoint soltanto con una mossa diagonale.,2,16,2-16,Malus,checkpoint.entryAxis=Diagonal
80,LAW #080,Teletrasporto,Tiles & movement,"Se entri in una casella magenta, uscirai dalla casella ciano con lo stesso numero, e viceversa. Tuttavia, il passaggio è possibile solo se le due caselle non sono entrambe occupate.",8,20,8-20,Bonus,tiles.portalPairs=10
81,LAW #081,VARCO MOBILE,Tiles & checkpoint,La casella valida del checkpoint si sposta di una colonna ogni 2 turni.,10,20,10-20,Malus,checkpoint.movingGateInterval=2
82,LAW #082,CRISI D'IDENTITÀ,Guard movement,"In questo livello, le Guardie si muovono come cavalli.",3,17,3-17,Misto,guard.identityCrisisKnight=true
83,LAW #083,CASELLE SICURE,Tiles & checkpoint,15 caselle magenta casuali proteggono dalle catture le guardie che le occupano.,2,16,2-16,Bonus,tiles.safeTileCount=15
84,LAW #084,BLOCCHI MAGENTA,Tiles & checkpoint,Genera 10 caselle viola invalicabili sulla strada.,4,18,4-18,Malus,tiles.blockedCount=10
85,LAW #085,BLOCCO EVANESCENTE,Tiles & checkpoint,Quindici blocchi sono presenti all’inizio; uno viene rimosso ogni quattro mosse del giocatore.,6,20,6-20,Misto,tiles.blockedCount=15;tiles.blockDecayInterval=4
86,LAW #086,CASELLE A SENSO UNICO,Tiles & checkpoint,Le caselle marcate possono essere attraversate dalle guardie solo con movimenti diagonali.,5,19,5-19,Malus,tiles.oneWayCount=1;tiles.oneWayFullRow=true
87,LAW #087,IMPRONTE DI CAVALLI,Tiles & checkpoint,"Tutte le caselle che sono state occupate da un cavallo, diventeranno inaccessibili quando quest'ultimo si muoverà da esse.",8,20,8-20,Malus,enemy.knightTrailBlocks=true
88,LAW #088,VARCO ALTERNATO,Tiles & checkpoint,Le caselle valide del checkpoint alternano attivo/inattivo a ogni turno.,10,20,10-20,Malus,checkpoint.alternateCells=true
89,LAW #089,SCELTA ANNUNCIATA,Visibility & information,"All'inizio del turno bianco viene indicato il nemico più vicino a una guardia, che agirà se avrà una mossa legale.",5,19,5-19,Misto,enemy.actorMode=AnnouncedNearest
90,LAW #090,DOVE SONO I MIEI OCCHIALI?,Visibility & information,"I nemici lontani appaiono come simboli ""?"" finché non sono entro 4 righe.",4,18,4-18,Malus,enemy.revealTypeDistance=4
91,LAW #091,Boom!,Board hazard,"All'inizio del livello appare una casella a caso con un numero in magenta che parte da 5 e diminuisce ad ogni mossa delle Guardie. Quando arriva a zero, la casella esplode, elimina qualsiasi pezzo presente e diventa inutilizzabile. Subito dopo appare una nuova casella con lo stesso effetto.",2,16,2-16,Malus,tiles.boomCountdown=5
92,LAW #092,LA CASA NERA,Enemy capture,I Pedoni nemici non possono catturare una Guardia che si trova su una casella nera.,2,16,2-16,Bonus,enemy.pawn.cannotCaptureGuardOnBlack=true
93,LAW #093,RALLENTARE,Enemy range & attacks,Le Torri e gli Alfieri possono muoversi solo fino a una distanza massima di 5 caselle.,6,16,6-16,Bonus,enemy.rook.maxRange=5;enemy.bishop.maxRange=5
94,LAW #094,ADAGIO ADAGIO,Enemy range & attacks,Le Torri e gli Alfieri possono muoversi solo fino a una distanza massima di 2 caselle.,6,16,6-16,Bonus,enemy.rook.maxRange=2;enemy.bishop.maxRange=2
95,LAW #095,FRENATA,Enemy range & attacks,Le Torri e gli Alfieri possono muoversi solo fino a una distanza massima di 1 casella.,8,20,8-20,Bonus,enemy.rook.maxRange=1;enemy.bishop.maxRange=1
96,LAW #096,CATTURA LIBERA,Capture & occupancy,La prima cattura del livello non provoca risposta nemica.,2,16,2-16,Bonus,capture.freeResponses=1
97,LAW #097,CATTURA RUMOROSA,Capture & occupancy,Ogni cattura provoca una risposta nemica extra.,7,20,7-20,Malus,capture.extraEnemyResponse=1
98,LAW #098,NESSUNA CATTURA,Capture & occupancy,Le guardie non possono catturare; devono evitare tutti i nemici.,3,17,3-17,Malus,guard.canCapture=false
99,LAW #099,PAUSA DI CATTURA,Capture & occupancy,Una guardia che cattura non può catturare nuovamente per 2 suoi movimenti.,5,19,5-19,Malus,capture.guardCooldownMoves=2
100,LAW #100,CATENA DI CATTURE,Capture & occupancy,"Se una guardia cattura e può catturare di nuovo da lì, può farlo immediatamente una volta.",9,20,9-20,Bonus,capture.chainMax=2
101,LAW #101,NASCONDINO,Visibility & information,"Durante i turni dispari delle guardie tutti i nemici diventano invisibili, ma possono sempre catturare ed essere catturati.",5,19,5-19,Malus,enemy.hideOnOddGuardTurns=true
102,LAW #102,PREDA VIETATA,Capture & occupancy,Un nemico casuale non può essere catturato.,4,18,4-18,Malus,capture.invulnerableEnemyCount=1
103,LAW #103,PREZZO DEL RE,Capture & occupancy,La prima cattura di ogni guardia è gratuita; le successive provocano una risposta nemica extra.,10,20,10-20,Misto,capture.firstPerGuardFreeThenExtra=true
104,LAW #104,QUATTRO PASSI,Level tempo & progression,Ogni quarta mossa della squadra può coprire due caselle ortogonali lungo un percorso libero.,2,16,2-16,Bonus,guard.teamOrthogonalDashEvery=4
105,LAW #105,QUINTO PASSO OBLIQUO,Level tempo & progression,Ogni quinta mossa della squadra deve essere diagonale.,3,17,3-17,Malus,guard.forceDiagonalEvery=5
106,LAW #106,TRAMONTO STRETTO,Level tempo & progression,"Dopo la decima mossa del giocatore, i nemici a lunga gittata guadagnano una mossa extra.",7,20,7-20,Malus,enemy.rangedExtraActionAfterTurn=10
107,LAW #107,DUE ONDATE,Level tempo & progression,I nemici vengono concentrati in due fasce separate.,6,20,6-20,Malus,spawn.waveCount=2
108,LAW #108,FURTO D'IDENTITÀ,Capture & occupancy,"In questo livello, Guardie e Nemici si trasformano in quello che hanno appena catturato.",4,18,4-18,Misto,capture.identityTheft=true
109,LAW #109,CALMA ALL'USCITA,Level tempo & progression,"Ogni guardia arrivata al checkpoint annulla la risposta nemica successiva, se il livello continua.",3,17,3-17,Bonus,checkpoint.skipResponseOnCross=1
110,LAW #110,ULTIMO TERZO,Level tempo & progression,L’ultimo terzo della strada viene generato più stretto di una colonna e con soli nemici iniziali.,9,20,9-20,Misto,level.finalThirdPreset=NarrowNoExtraSpawn
111,LAW #111,PICCOLA GRAZIA,Combined laws,"Strada -1 colonna, ma il primo colpo alla squadra viene ignorato.",3,17,3-17,Misto,combo=RoadMinus1+TeamShield1
112,LAW #112,CURVE SILENZIOSE,Combined laws,"Strada più tortuosa, ma i nemici rispondono solo ogni 2 mosse.",4,18,4-18,Misto,combo=Winding+ResponseEvery2
113,LAW #113,PIEDI VELOCI,Combined laws,"Ogni guardia ha un Dash, ma non può essere scelta due volte di fila.",6,20,6-20,Misto,combo=PersonalDash1+NoRepeat
114,LAW #114,CAMPO MINATO,Combined laws,"10 caselle bloccate, ma 10 caselle sicure ciano.",5,19,5-19,Misto,tiles.blockedCount=10;tiles.safeTileCount=10
115,LAW #115,BATTUTA DI CACCIA,Combined laws,"Nemici inseguono la guardia più vicina, ma si muovono solo a turni alterni.",8,20,8-20,Misto,combo=ChaseNearest+MoveEvery2
