Key,Text
game.title,KING 4 A DAY
menu.new,New Game
menu.options,Options
menu.extras,Extras
menu.credits,Credits
menu.exit,Exit
mode.title,Choose Your Journey
mode.campaign,Campaign Mode
mode.endless,Endless Mode
difficulty.title,DIFFICULTY
difficulty.beginner,Beginner
difficulty.beginner.description,"Fewer enemies, the Guards are automatically restored to 4 after each level. Laws used in Beginner are not recorded in the Book of Laws, and achievements cannot be unlocked."
difficulty.normal,Normal
difficulty.normal.description,The standard gameplay experience.
difficulty.grandmaster,Grandmaster
difficulty.grandmaster.description,"Same enemy count and behavior as Normal, but the game starts with only one Guard and recovery Laws are not offered."
difficulty.grandmaster.locked,Grandmaster difficulty is unlocked only after\nsuccessfully completing Campaign Mode on Normal difficulty.
back,Back
resume,Resume
menu,Main Menu
retry,New Game
next,Continue
confirm,Confirm
cancel,Cancel
yes,Yes
no,No
on,ON
off,OFF
level,Level
turn,Turn
white,WHITE
enemy,OPPONENT
guards,GUARDS
player,Player
computer,Computer
royal.guards,Guards
law,LAW
choose.law,CHOOSE THE LAW IN EFFECT
law.subtitle,The following law is in effect for this level:
law.000.name,THE DEPARTURE!
law.000.description,No special rules. Guards normally move one square in any direction.
law.001.name,NO RETREAT
law.001.description,Guards cannot move downward.
law.002.name,ORTHOGONAL OATH
law.002.description,Guards can move only vertically or horizontally.
law.003.name,DIAGONAL OATH
law.003.description,Guards can move only diagonally.
law.004.name,FORWARD CROWN
law.004.description,"Guards can move only forward, forward-left, or forward-right."
law.005.name,SIDEWAYS KING
law.005.description,Guards cannot move straight forward or backward; the other 6 directions are allowed.
law.006.name,LONG STRIDE
law.006.description,"Once per level, each Guard can move 2 squares horizontally or vertically if both the middle and destination squares are empty."
law.007.name,LONG DIAGONAL
law.007.description,"Once per level, each Guard can move 2 squares diagonally if both the middle and destination squares are empty."
law.008.name,FIRST STEP TWO
law.008.description,Each Guard's first move can be 2 squares in any direction if the middle square is empty.
law.009.name,ALTERNATING STEP
law.009.description,Each guard must alternate between orthogonal and diagonal movement.
law.010.name,NO SAME DIRECTION
law.010.description,A guard cannot repeat the same direction as its previous move.
law.011.name,ONE FORBIDDEN WIND
law.011.description,One of the 8 directions is chosen at random and remains forbidden for the entire level.
law.012.name,ROYAL DASH
law.012.description,"Once per level, one Guard can move 2 squares in any direction if the middle square is empty."
law.013.name,HEAVY BOOTS
law.013.description,"After a diagonal move, that guard cannot be selected on the next turn."
law.014.name,LIGHT STEP
law.014.description,Each guard's first orthogonal move causes no enemy response.
law.015.name,NO EDGE STEP
law.015.description,Guards cannot end their move on a road-edge square.
law.016.name,JUMP THE LINE
law.016.description,"Once per level, each Guard can jump over one adjacent piece, friendly or enemy, and land on the empty square immediately beyond it."
law.017.name,ROYAL RECOMMENDATION
law.017.description,"When a Guard reaches the checkpoint, the enemy response is skipped and, if the level continues, the next 5 Guard moves also cause no enemy response."
law.018.name,BLACK KNIGHT
law.018.description,Enemy Knights cannot end their move on a white square.
law.019.name,NO REPEAT
law.019.description,You cannot select the same guard on two consecutive turns.
law.020.name,ROUND ROBIN
law.020.description,Every active guard must move once before any of them can move again.
law.021.name,RANDOM CALL
law.021.description,"Each turn, the game randomly indicates which guard must move, provided it has a legal move."
law.022.name,DOUBLE COMMAND
law.022.description,"Once per level, you can make one move with no enemy response, giving you 2 consecutive moves."
law.023.name,QUIET FIFTH
law.023.description,Every fifth guard move skips the enemy response.
law.024.name,LOUD FIFTH
law.024.description,Every fifth guard move grants the enemy two consecutive moves.
law.025.name,OPENING CALM
law.025.description,Enemies skip the first 3 enemy responses of the level.
law.026.name,CAPTURE MOMENTUM
law.026.description,"After a capture, the same guard may immediately move a second time, once per turn."
law.027.name,LAST MAN SPEED
law.027.description,"If only one active guard remains, it gets two moves before each enemy response."
law.028.name,FULL COMPANY
law.028.description,"While all 4 guards are alive, enemies move only after every 2 player moves."
law.029.name,FAST CLOCK
law.029.description,"Every four guard moves, enemies can make two consecutive moves."
law.030.name,ROYAL PAUSE
law.030.description,"Once per level, you can skip one entire enemy response."
law.031.name,FIRST MERCY
law.031.description,The first enemy attack that would eliminate a Guard is cancelled.
law.032.name,KEEP TOGETHER
law.032.description,A guard cannot end more than 3 squares away from the nearest guard.
law.033.name,SCATTER
law.033.description,Two guards cannot end their moves on adjacent squares.
law.034.name,NO SAME FILE
law.034.description,Two guards cannot occupy the same column.
law.035.name,VANGUARD
law.035.description,Every third Guard move must be made by one of the most advanced Guards.
law.036.name,CENTER GUARD
law.036.description,One random guard is marked and must remain within 1 square of the road's center line.
law.037.name,HUNTER GUARD
law.037.description,One random guard must make at least one capture before it can cross the checkpoint.
law.038.name,PAIR BOND
law.038.description,Two random guards must remain within 2 squares of each other.
law.039.name,SURVIVOR'S STEP
law.039.description,"After a Guard is lost, the next move can be 2 squares in any direction if the middle square is empty."
law.040.name,ROYAL ESCORT
law.040.description,A marked guard cannot be captured while adjacent to another active guard.
law.041.name,STILL KNIGHTS
law.041.description,Enemy Knights remain still and cannot capture.
law.042.name,HUNTING KNIGHTS
law.042.description,Knights prefer the legal move that brings them closer to the nearest guard.
law.043.name,Lend a hand
law.043.description,"A special square appears for each missing Guard. Enter one to revive a Guard, which returns on the starting row."
law.044.name,RANDOM BISHOPS
law.044.description,Bishops choose a legal move at random within their range.
law.045.name,FORWARD ENEMIES
law.045.description,Mobile enemy pieces may choose only moves that bring them closer to the bottom edge of the screen.
law.046.name,RETREATING ENEMIES
law.046.description,Mobile enemy pieces may choose only moves that take them farther from the bottom edge.
law.047.name,ASSIGNED SECTOR
law.047.description,Enemies must remain in the left or right half of the grid where they started the level.
law.048.name,BOUND COLUMNS
law.048.description,"Enemy Rooks move and capture only diagonally, like Bishops."
law.049.name,ONE MOBILE TYPE
law.049.description,Only one randomly selected enemy type among those present can move or capture; all others remain still.
law.050.name,CHANGING OF THE GUARD
law.050.description,The same enemy cannot act in 2 consecutive enemy responses if another enemy has a legal move.
law.051.name,HORIZONTAL KNIGHTS
law.051.description,Enemy Knights can use only the L-shaped jump of 2 columns and 1 row.
law.052.name,HUNGRY ROOKS
law.052.description,"If a Rook can capture, the opponent must choose a Rook capture."
law.053.name,DISTANT CAPTURE
law.053.description,"Rooks, Bishops, and Queens cannot capture a Guard from 1 square away."
law.054.name,CLOSE CAPTURE
law.054.description,"Rooks, Bishops, and Queens can capture a Guard only from 1 square away."
law.055.name,WHERE ARE MY BINOCULARS?
law.055.description,"Distant enemies appear as ""?"" or ""!"" until they are within 6 rows of a Guard."
law.056.name,COOLDOWN FIRE
law.056.description,"After an attack, that enemy cannot attack on the next enemy response."
law.057.name,LONG SIGHT
law.057.description,"The range of Rooks, Bishops, and Queens is reduced by 5 squares."
law.058.name,METAMORPHOSIS
law.058.description,"Every 15 guard moves, a random enemy Pawn transforms into a Knight."
law.059.name,RODEO
law.059.description,All generated enemies are Knights.
law.060.name,FEWER ENEMIES
law.060.description,Reduces the number of enemies in the level by 25%.
law.061.name,MORE ENEMIES
law.061.description,Increases the number of enemies in the level by 25%.
law.062.name,EMPTY OPENING
law.062.description,No enemy can be generated in the first 4 walkable rows.
law.063.name,GUARDED CHECKPOINT
law.063.description,At least one enemy is generated in the 3 rows before the checkpoint.
law.064.name,EDGE SPAWN
law.064.description,Enemies are generated preferentially on road-edge squares.
law.065.name,LONE PIECES
law.065.description,No enemy can be generated adjacent to another enemy.
law.066.name,CLUSTERS
law.066.description,Enemies prefer to appear within 2 squares of another enemy.
law.067.name,RISING ARMY
law.067.description,"The first time a guard reaches halfway up the route, an enemy Pawn appears on a valid empty square."
law.068.name,TRAILING PAWNS
law.068.description,Enemies placed in the upper half of the road are all Pawns.
law.069.name,WIDE ROAD
law.069.description,The road is 2 columns wider than normal.
law.070.name,NARROW ROAD
law.070.description,"The road is 2 columns narrower than normal, but never below the minimum playable width."
law.071.name,STRAIGHT ROAD
law.071.description,Bends are much rarer: their probability drops to 20% of normal.
law.072.name,WINDING ROAD
law.072.description,Increases the probability of changing direction by 50%.
law.073.name,SERPENTINE
law.073.description,The road tends to alternate left and right bends.
law.074.name,BOTTLE NECKS
law.074.description,"Generates 2 bottlenecks, each one row long."
law.075.name,OPEN PLAZAS
law.075.description,Generates 2 temporary road widenings.
law.076.name,STAIRCASE
law.076.description,"During generation, the road shifts sideways by one column at regular intervals."
law.077.name,S CURVE
law.077.description,Forces one large S-shaped bend in the level.
law.078.name,The Horse in the Gray Flannel Suit
law.078.description,The first guard you move becomes a Knight for the rest of the level.
law.079.name,DIAGONAL EXIT
law.079.description,Guards can enter the checkpoint only with a diagonal move.
law.080.name,Portals
law.080.description,"Magenta and cyan squares with the same number form a portal pair. When a Guard enters one, it teleports to the other, but only if the exit square is empty."
law.081.name,MOVING GATE
law.081.description,The active checkpoint square shifts by one column after every 2 Guard moves.
law.082.name,IDENTITY CRISIS
law.082.description,"In this level, the Guards move like knights."
law.083.name,SAFE SQUARES
law.083.description,15 random magenta safe squares protect any guards occupying them from captures.
law.084.name,MAGENTA BLOCKS
law.084.description,Generates 10 impassable magenta squares on the road.
law.085.name,FADING BLOCK
law.085.description,There are 15 blocks at the start; one is removed after every 4 Guard moves.
law.086.name,ONE-WAY TILES
law.086.description,Marked tiles can only be crossed by Guards using diagonal moves.
law.087.name,HORSE TRACKS
law.087.description,"Whenever an enemy Knight leaves a square, that square becomes permanently impassable."
law.088.name,ALTERNATING GATE
law.088.description,Checkpoint squares alternate between active and inactive after every Guard move.
law.089.name,ANNOUNCED CHOICE
law.089.description,"At the start of each player turn, the enemy closest to a Guard is indicated. It will act on the next enemy response if it has a legal move."
law.090.name,WHERE ARE MY GLASSES?
law.090.description,"Distant enemies appear as ""?"" until they are within 4 rows of a Guard."
law.091.name,Boom!
law.091.description,"At the start of the level, a random square shows a countdown from 5. It decreases after every Guard move. At zero, the square explodes, removes any piece on it, becomes unusable, and a new countdown square appears."
law.092.name,THE BLACK HOUSE
law.092.description,Enemy Pawns cannot capture a Guard standing on a black square.
law.093.name,SLOW DOWN
law.093.description,Rooks and Bishops can move only up to a maximum distance of 5 squares.
law.094.name,EASY DOES IT
law.094.description,Rooks and Bishops can move only up to a maximum distance of 2 squares.
law.095.name,BRAKING
law.095.description,Rooks and Bishops can move only up to a maximum distance of 1 square.
law.096.name,FREE CAPTURE
law.096.description,The first capture made by a Guard in the level causes no enemy response.
law.097.name,LOUD CAPTURE
law.097.description,Every capture made by a Guard triggers one extra enemy response.
law.098.name,NO CAPTURE
law.098.description,Guards cannot capture enemy pieces.
law.099.name,CAPTURE COOLDOWN
law.099.description,A guard that captures cannot capture again for its next 2 moves.
law.100.name,CHAIN CAPTURE
law.100.description,"After a capture, if another capture is available from the new square, the same Guard may make it immediately, once."
law.101.name,HIDE AND SEEK
law.101.description,"During odd-numbered Guard moves, all enemies become invisible, but they can still capture and be captured."
law.102.name,FORBIDDEN PREY
law.102.description,One random enemy cannot be captured.
law.103.name,KING'S PRICE
law.103.description,"Each Guard's first capture causes no enemy response; from the second onward, every capture triggers one extra enemy response."
law.104.name,FOUR STEPS
law.104.description,Every fourth team move may cover two orthogonal squares along a clear path.
law.105.name,FIFTH DIAGONAL STEP
law.105.description,Every fifth team move must be diagonal.
law.106.name,NARROW SUNSET
law.106.description,"Immediately after the player's 10th move, Rooks, Bishops, and Queens get one extra enemy move."
law.107.name,TWO WAVES
law.107.description,Enemies are concentrated in two separate bands.
law.108.name,IDENTITY THEFT
law.108.description,"In this level, Guards and Enemies transform into whatever they have just captured."
law.109.name,FIRST CROSS CALM
law.109.description,"When a Guard reaches the checkpoint, the enemy response to that move is skipped if the level continues."
law.110.name,FINAL THIRD
law.110.description,The final third of the road is 1 column narrower.
law.111.name,SMALL MERCY
law.111.description,"The road is 1 column narrower, but the first enemy attack that would eliminate a Guard is cancelled."
law.112.name,QUIET CURVES
law.112.description,"The road has more bends, but enemies respond only after every 2 Guard moves."
law.113.name,FAST FEET
law.113.description,"Each Guard can use one 2-square Dash in any direction if the middle square is empty. Also, the same Guard cannot be selected twice in a row."
law.114.name,MINEFIELD
law.114.description,Generates 10 blocked squares and 10 magenta safe squares. A Guard on a safe square cannot be captured.
law.115.name,HUNTING PARTY
law.115.description,"Enemies chase the nearest guard, but move only on alternating turns."
law.998.name,Rise from your grave!
law.998.description,Revives all eliminated Guards.
law.999.name,UNTIL THE VERY LAST MOVE!
law.999.description,"At the end of every full turn, the Royal Guard and the enemy Queen each transform independently into a random chess piece."
book,LAW BOOK
challenges,CHALLENGES
hidden,HIDDEN
challenges.empty,Challenges will be defined in a future update.
gameover,GAME OVER
stalemate,STALEMATE
victory,THE KING IS FREE
victory.text,The remaining Guards have returned the crown to the kingdom.
level.done,CROSSING COMPLETE
pause,PAUSE
promote,CHOOSE PROMOTION
boss,THE QUEEN'S THRONE
boss.board,BOSS 6 x 6
boss.text,Not a King. A Queen. Your sovereign awaits you.
promote.text,The Guard has reached the final row. Choose its new piece.
intro,"THE KING HAS BEEN KIDNAPPED.
THE WHITE KINGDOM IS IN CHECK.
FOUR PAWNS REMAIN TO SAVE HIM.
ONE MOVE AT A TIME."
cutscene.intro.herald,"Hear ye, hear ye!"
cutscene.intro.kingMissing,"Disaster has struck the White Kingdom.\nThe White King is gone, kidnapped\nby the forces of the Black Queen."
cutscene.intro.kingOath,"As fear spreads through the empty throne room,\nfour humble pawns, the King's most loyal guards,\nswear they will bring their ruler home."
cutscene.intro.departure,"Across a land of black-and-white squares\nand ever-changing rules, four loyal pawns\nbegin their quest."
cutscene.intro.destination,Beyond the horizon lies the Black Queen's castle.\nTheir journey begins now!
cutscene.midway,"We're halfway there...
We're coming!"
cutscene.finalDuel,"Your kingdom is finished!
Long live the King!"
start,ENTER THE KINGDOM
options.threats,SHOW THREATS
options.music,Music
options.musicVolume,Music volume
options.sound,Sound effects
options.shake,SCREEN SHAKE
options.fullscreen,FULL SCREEN
options.volume,VOLUME
options.language,LANGUAGE: ENGLISH
help,HOW TO PLAY
help.text,Drag a Guard onto a nearby square to move or capture. Every move grants the enemy one move. Bring the Guards to the checkered row at the top. Guards that arrive wait for the others. Captured Guards are lost for this run. The cyan border follows the mouse. The laws change at every level.
piece.Pawn,PAWN
piece.Rook,ROOK
piece.Bishop,BISHOP
piece.Knight,KNIGHT
piece.Queen,QUEEN
piece.King,KING
wait,WAIT
double,DOUBLE COMMAND
freeze,ROYAL PAUSE
ability.ready,READY
load.error,DATA ERROR
quit.run,ABANDON THE GAME?
quit.text,The current game will not be saved.
moves,MOVES
captures,CAPTURES
distance,ROWS TO EXIT
enemies,ENEMIES
record.session,SESSION BEST
blocked,NO MOVES
seed,SEED
caged,THE IMPRISONED KING
bonus,BONUS
malus,PENALTY
mixed,MIXED
choose.ability,ACTIVE ABILITY
rules.changed,The law has changed the kingdom.
saved,GUARDS SAFE
options.note,More languages will be added later.
menu.subtitle,"ONE BOARD, ONE ROAD, FOUR GUARDS"
options.placeholder,Options will be available in the next revision.
law.choose,CHOOSE THE LAW
move.invalid,Move not allowed.
promotion.title,CHOOSE PROMOTION
help.title,HELP
help.body,"Drag a guard onto a highlighted square. White moves first; after every move, the enemy responds. Reach the top row with at least one guard. In the boss battle, capture the queen."
result.victory,VICTORY
result.victory.body,The queen has been captured.
result.clear,LEVEL CLEARED
result.clear.body,One or more guards have reached the castle.
result.defeat,DEFEAT
result.defeat.body,All guards have been captured.
result.stalemate,STALEMATE
result.stalemate.body,No guard has an available move.
result.stalemate.retry,Retry
exit.confirm,ARE YOU SURE YOU WANT TO LEAVE THE KINGDOM?
exit.yes,"Yes, exit!"
exit.no,"No, back to the game!"
mode.endless.locked,"Endless Mode is unlocked only after successfully completing
Campaign Mode!"
level.start,Start the game!
level.howto,How to play?
rules.fileMissing,Rules file not found.
back.menu,Go back
options.audio,Audio
options.video,Video
options.language.title,Language
options.language.italian,Italiano
options.default,Default
options.crt,CRT Effect
options.curvature,Screen curvature
options.blur,Blur
options.blur.narrow,NARROW
options.blur.medium,MEDIUM
options.blur.wide,WIDE
options.intensity,Intensity
options.font,Font
extra.lawbook,Legislation
lawbook.title,Legislation
pause.resume,Resume game
pause.mainmenu,Return to main menu
options.scanlines,Scanlines
options.mouseCursor,Mouse Cursor
pause.exit.title,Leave the game?
pause.exit.warning,"Do you really want to leave the game?
The game will not be saved."
pause.exit.yes,"Yes, end the game!"
pause.exit.no,"No, continue playing!"
gameover.title,Game Over
gameover.retry,Would you like to try again?
endless.unlocked.notice,You unlocked Endless Mode
options.language.english,English
law.runtime.guard,Guard #{0}
law.runtime.charges,Charges: {0}
law.runtime.protection,Protection: {0}
law.runtime.pair,Pair: #{0} + #{1}
law.runtime.leapAvailable,Leap available
law.runtime.mobileType,Mobile type: {0}
law.runtime.willAct,Will act: {0}
law.runtime.rowsToGate,Rows to gate: {0}
law.runtime.threats,Guard #{0} · Threats: {1}
law.runtime.freeCaptures,Free captures: {0}
law.runtime.guardCharges,Guard #{0} · Charges: {1}
law.runtime.freeTurns,Free moves: {0}
law.runtime.blocksCountdown,Blocks: {0} · Removal in: {1}
law.runtime.blocksCleared,Blocks: 0
law.runtime.captureCooldown,Guard #{0} · Capture in: {1}
law.runtime.enemiesHidden,Enemies: HIDDEN
law.runtime.enemiesVisible,Enemies: VISIBLE
law.runtime.firstCaptureFree,Guard #{0} · First capture is free
law.runtime.nextCaptureExtra,Guard #{0} · Next capture: +1 response
options.gameplay,Gameplay
options.difficulty,Difficulty
options.chessboardSize,Chessboard size
options.chessboard.default,Big
options.chessboard.big,Medium
options.chessboard.veryBig,Small
options.chessboard.random,Random
options.fastCheckpoint,Fast checkpoint
extra.achievements,Achievements
achievements.title,Achievements
achievement.number,ACHIEVEMENT #{0}
achievement.001.name,First Steps
achievement.001.description,Reach level 5 in Campaign Mode.
achievement.002.name,Ever Further
achievement.002.description,Reach level 10 in Campaign Mode.
achievement.003.name,Almost There
achievement.003.description,Reach level 15 in Campaign Mode.
achievement.004.name,At the Castle Gates
achievement.004.description,Reach level 20 in Campaign Mode.
achievement.005.name,All Present
achievement.005.description,Reach the Queen challenge with all 4 Guards still alive.
achievement.006.name,Checkmate the Queen
achievement.006.description,Defeat the Black Queen.
achievement.007.name,Pacifist
achievement.007.description,Complete a level without capturing any enemy piece.
achievement.008.name,No Survivors
achievement.008.description,Complete a level without leaving any enemy piece alive.
achievement.009.name,Fall from the Horse
achievement.009.description,All Guards are killed in the same level by enemy Knights.
achievement.010.name,Civil Code
achievement.010.description,Unlock at least 10 different Laws.
achievement.011.name,Jurisprudence
achievement.011.description,Unlock at least 30 different Laws.
achievement.012.name,Legislator
achievement.012.description,Unlock at least 60 different Laws.
achievement.013.name,Corpus Juris
achievement.013.description,Unlock all Laws.
achievement.014.name,The Last Guard
achievement.014.description,Complete a level with only one Guard still in play.
achievement.015.name,No One Left Behind
achievement.015.description,Complete 5 consecutive levels without losing any Guard.
achievement.016.name,Field Promotion
achievement.016.description,Promote a Guard for the first time during the final challenge.
achievement.017.name,David vs. Goliath
achievement.017.description,Defeat the Queen with only one Guard remaining.
achievement.018.name,The Journey Continues
achievement.018.description,Play Endless Mode for the first time.
achievement.019.name,Beyond the Kingdom
achievement.019.description,Reach level 10 in Endless Mode.
achievement.020.name,It Never Ends
achievement.020.description,Reach level 20 in Endless Mode.
achievement.021.name,Platinum Chessboard
achievement.021.description,Unlock all achievements.
achievement.unlocked,ACHIEVEMENT UNLOCKED:
law.runtime.metamorphosisCountdown,Metamorphosis: {0}
law.runtime.countdown,Countdown: {0}
